bill_id,item_id,order_id,quantity,unit_price
BID001,IID014,OID001,3,1382.67
BID002,IID003,OID001,7,1473.86
BID003,IID022,OID002,9,620.40
BID004,IID001,OID003,4,1150.00
BID005,IID012,OID003,1,1209.10
BID006,IID007,OID004,8,705.63
BID007,IID018,OID005,2,837.00
BID008,IID029,OID005,5,410.50
BID009,IID015,OID006,10,534.72
BID010,IID002,OID007,6,1381.02
BID011,IID011,OID008,1,1209.10
BID012,IID006,OID009,4,1410.73
BID013,IID025,OID010,8,1015.45
BID014,IID009,OID011,3,709.20
BID015,IID021,OID012,5,1189.70
BID016,IID014,OID012,2,1382.67
BID017,IID001,OID013,1,1150.00
BID018,IID030,OID014,7,856.65
BID019,IID004,OID015,9,940.25
BID020,IID017,OID016,3,1285.04
BID021,IID028,OID017,6,783.55
BID022,IID012,OID018,10,1209.10
BID023,IID003,OID019,2,1473.86
BID024,IID010,OID020,4,875.40
BID025,IID027,OID020,5,1312.80
BID026,IID019,OID021,1,1099.60
BID027,IID008,OID022,8,910.25
BID028,IID016,OID023,3,1033.98
BID029,IID023,OID024,6,1243.20
BID030,IID001,OID025,2,1150.00
BID031,IID005,OID026,9,1465.79
BID032,IID013,OID027,4,700.72
BID033,IID026,OID027,1,964.10
BID034,IID020,OID028,7,735.25
BID035,IID024,OID029,10,672.90
BID036,IID011,OID030,2,1209.10
BID037,IID015,OID031,5,534.72
BID038,IID007,OID032,8,705.63
BID039,IID002,OID033,3,1381.02
BID040,IID022,OID033,1,620.40
BID041,IID018,OID034,6,837.00
BID042,IID009,OID035,4,709.20
BID043,IID006,OID036,9,1410.73
BID044,IID029,OID037,2,410.50
BID045,IID014,OID038,5,1382.67
BID046,IID025,OID039,10,1015.45
BID047,IID021,OID040,3,1189.70
BID048,IID017,OID040,7,1285.04
BID049,IID030,OID041,1,856.65
BID050,IID003,OID042,6,1473.86
BID051,IID012,OID043,4,1209.10
BID052,IID001,OID044,8,1150.00
BID053,IID028,OID045,2,783.55
BID054,IID010,OID046,9,875.40
BID055,IID026,OID046,5,964.10
BID056,IID013,OID047,1,700.72
BID057,IID016,OID048,7,1033.98
BID058,IID027,OID049,3,1312.80
BID059,IID004,OID050,10,940.25
BID060,IID019,OID051,6,1099.60
BID061,IID023,OID052,2,1243.20
BID062,IID008,OID052,4,910.25
BID063,IID005,OID053,8,1465.79
BID064,IID020,OID054,1,735.25
BID065,IID024,OID055,5,672.90
BID066,IID015,OID056,9,534.72
BID067,IID002,OID057,3,1381.02
BID068,IID011,OID058,7,1209.10
BID069,IID007,OID059,10,705.63
BID070,IID014,OID059,4,1382.67
BID071,IID018,OID060,2,837.00
BID072,IID009,OID061,6,709.20
BID073,IID006,OID062,1,1410.73
BID074,IID029,OID063,8,410.50
BID075,IID022,OID064,5,620.40
BID076,IID025,OID065,9,1015.45
BID077,IID003,OID065,3,1473.86
BID078,IID021,OID066,7,1189.70
BID079,IID012,OID067,2,1209.10
BID080,IID030,OID068,4,856.65
BID081,IID001,OID069,10,1150.00
BID082,IID028,OID070,1,783.55
BID083,IID017,OID071,6,1285.04
BID084,IID010,OID071,5,875.40
BID085,IID026,OID072,8,964.10
BID086,IID013,OID073,3,700.72
BID087,IID016,OID074,9,1033.98
BID088,IID027,OID075,2,1312.80
BID089,IID004,OID076,4,940.25
BID090,IID019,OID077,7,1099.60
BID091,IID008,OID077,1,910.25
BID092,IID023,OID078,10,1243.20
BID093,IID005,OID079,5,1465.79
BID094,IID020,OID080,8,735.25
BID095,IID024,OID081,3,672.90
BID096,IID015,OID082,6,534.72
BID097,IID002,OID083,9,1381.02
BID098,IID011,OID084,2,1209.10
BID099,IID007,OID084,4,705.63
BID100,IID014,OID085,1,1382.67
BID101,IID018,OID086,7,837.00
BID102,IID009,OID087,10,709.20
BID103,IID006,OID088,5,1410.73
BID104,IID029,OID089,8,410.50
BID105,IID022,OID090,2,620.40
BID106,IID025,OID091,6,1015.45
BID107,IID003,OID091,3,1473.86
BID108,IID021,OID092,9,1189.70
BID109,IID012,OID093,1,1209.10
BID110,IID030,OID094,4,856.65
BID111,IID001,OID095,8,1150.00
BID112,IID028,OID096,5,783.55
BID113,IID017,OID097,10,1285.04
BID114,IID010,OID097,2,875.40
BID115,IID026,OID098,7,964.10
BID116,IID013,OID099,3,700.72
BID117,IID016,OID100,6,1033.98
BID118,IID027,OID101,1,1312.80
BID119,IID004,OID102,9,940.25
BID120,IID019,OID103,4,1099.60
BID121,IID008,OID103,8,910.25
BID122,IID023,OID104,5,1243.20
BID123,IID005,OID105,10,1465.79
BID124,IID020,OID106,2,735.25
BID125,IID024,OID107,7,672.90
BID126,IID015,OID108,3,534.72
BID127,IID002,OID109,6,1381.02
BID128,IID011,OID110,9,1209.10
BID129,IID007,OID110,1,705.63
BID130,IID014,OID111,4,1382.67
BID131,IID018,OID112,8,837.00
BID132,IID009,OID113,5,709.20
BID133,IID006,OID114,10,1410.73
BID134,IID029,OID115,2,410.50
BID135,IID022,OID116,7,620.40
BID136,IID025,OID117,3,1015.45
BID137,IID003,OID117,1,1473.86
BID138,IID021,OID118,6,1189.70
BID139,IID012,OID119,9,1209.10
BID140,IID030,OID120,4,856.65
BID141,IID001,OID121,8,1150.00
BID142,IID028,OID122,2,783.55
BID143,IID017,OID123,10,1285.04
BID144,IID010,OID124,5,875.40
BID145,IID026,OID124,3,964.10
BID146,IID013,OID125,7,700.72
BID147,IID016,OID126,1,1033.98
BID148,IID027,OID127,4,1312.80
BID149,IID004,OID128,9,940.25
BID150,IID019,OID129,6,1099.60
BID151,IID008,OID130,2,910.25
BID152,IID023,OID130,8,1243.20
BID153,IID005,OID131,5,1465.79
BID154,IID020,OID132,10,735.25
BID155,IID024,OID133,3,672.90
BID156,IID015,OID134,7,534.72
BID157,IID002,OID135,1,1381.02
BID158,IID011,OID136,4,1209.10
BID159,IID007,OID137,9,705.63
BID160,IID014,OID137,2,1382.67
BID161,IID018,OID138,6,837.00
BID162,IID009,OID139,8,709.20
BID163,IID006,OID140,5,1410.73
BID164,IID029,OID141,10,410.50
BID165,IID022,OID142,3,620.40
BID166,IID025,OID143,7,1015.45
BID167,IID003,OID144,1,1473.86
BID168,IID021,OID144,4,1189.70
BID169,IID012,OID145,9,1209.10
BID170,IID030,OID146,2,856.65
BID171,IID001,OID147,6,1150.00
BID172,IID028,OID148,10,783.55
BID173,IID017,OID149,5,1285.04
BID174,IID010,OID150,8,875.40
BID175,IID026,OID150,1,964.10
BID176,IID013,OID151,4,700.72
BID177,IID016,OID152,9,1033.98
BID178,IID027,OID153,3,1312.80
BID179,IID004,OID154,7,940.25
BID180,IID019,OID155,2,1099.60
BID181,IID008,OID156,10,910.25
BID182,IID023,OID156,5,1243.20
BID183,IID005,OID157,8,1465.79
BID184,IID020,OID158,1,735.25
BID185,IID024,OID159,6,672.90
BID186,IID015,OID160,4,534.72
BID187,IID002,OID161,9,1381.02
BID188,IID011,OID162,2,1209.10
BID189,IID007,OID163,7,705.63
BID190,IID014,OID163,3,1382.67
BID191,IID018,OID164,10,837.00
BID192,IID009,OID165,5,709.20
BID193,IID006,OID166,8,1410.73
BID194,IID029,OID167,1,410.50
BID195,IID022,OID168,4,620.40
BID196,IID025,OID169,9,1015.45
BID197,IID003,OID169,2,1473.86
BID198,IID021,OID170,6,1189.70
BID199,IID012,OID171,10,1209.10
BID200,IID030,OID172,3,856.65
BID201,IID001,OID173,7,1150.00
BID202,IID028,OID174,2,783.55
BID203,IID017,OID175,8,1285.04
BID204,IID010,OID176,4,875.40
BID205,IID026,OID176,1,964.10
BID206,IID013,OID177,9,700.72
BID207,IID016,OID178,5,1033.98
BID208,IID027,OID179,10,1312.80
BID209,IID004,OID180,2,940.25
BID210,IID019,OID181,6,1099.60
BID211,IID008,OID182,1,910.25
BID212,IID023,OID182,7,1243.20
BID213,IID005,OID183,4,1465.79
BID214,IID020,OID184,9,735.25
BID215,IID024,OID185,3,672.90
BID216,IID015,OID186,8,534.72
BID217,IID002,OID187,10,1381.02
BID218,IID011,OID188,5,1209.10
BID219,IID007,OID189,2,705.63
BID220,IID014,OID189,6,1382.67
BID221,IID018,OID190,1,837.00
BID222,IID009,OID191,7,709.20
BID223,IID006,OID192,4,1410.73
BID224,IID029,OID193,9,410.50
BID225,IID022,OID194,3,620.40
BID226,IID025,OID195,8,1015.45
BID227,IID003,OID195,5,1473.86
BID228,IID021,OID196,10,1189.70
BID229,IID012,OID197,2,1209.10
BID230,IID030,OID198,6,856.65
BID231,IID001,OID199,1,1150.00
BID232,IID028,OID200,7,783.55
BID233,IID017,OID201,4,1285.04
BID234,IID010,OID202,9,875.40
BID235,IID026,OID202,3,964.10
BID236,IID013,OID203,8,700.72
BID237,IID016,OID204,5,1033.98
BID238,IID027,OID205,10,1312.80
BID239,IID004,OID206,2,940.25
BID240,IID019,OID207,6,1099.60
BID241,IID008,OID208,1,910.25
BID242,IID023,OID208,4,1243.20
BID243,IID005,OID209,7,1465.79
BID244,IID020,OID210,3,735.25
BID245,IID024,OID211,9,672.90
BID246,IID015,OID212,5,534.72
BID247,IID002,OID213,8,1381.02
BID248,IID011,OID214,2,1209.10
BID249,IID007,OID215,10,705.63
BID250,IID014,OID215,1,1382.67